Index ID,Date (dd/mm/yyyy),CustomerID,PromotionID,Product ID,Units Sold,Price Per Unit,Total sales,Offers %,Discount value only,Net Sales,Profit
1,04/02/2020,10,0,P004,2,64999,129998,0,0,129998,12999.8
2,03/10/2023,18,0,P001,1,79999,79999,0,0,79999,7999.9
3,02/01/2022,34,0,P002,1,69999,69999,0,0,69999,6999.9
4,19/05/2022,28,PR001,P027,3,699,2097,20,419.4,1677.6,167.76
5,29/05/2023,17,PR001,P002,3,69999,209997,20,41999.4,167997.6,16799.76
6,08/07/2023,28,PR004,P002,3,69999,209997,50,104998.5,104998.5,10499.85
7,13/12/2022,23,0,P002,3,69999,209997,0,0,209997,20999.7
8,01/07/2022,2,0,P011,3,1499,4497,0,0,4497,449.7
9,01/01/2022,48,PR003,P011,3,1499,4497,50,2248.5,2248.5,224.85
10,06/04/2022,11,PR001,P009,2,3499,6998,20,1399.6,5598.4,559.84
11,25/05/2023,48,PR001,P005,3,92499,277497,20,55499.4,221997.6,22199.76
12,26/04/2020,3,PR001,P005,3,92499,277497,20,55499.4,221997.6,22199.76
13,11/02/2023,44,0,P019,1,5999,5999,0,0,5999,599.9
14,25/05/2022,21,PR001,P019,2,5999,11998,20,2399.6,9598.4,959.84
15,15/07/2023,42,PR004,P014,2,4999,9998,50,4999,4999,499.9
16,28/01/2021,46,0,P025,1,8999,8999,0,0,8999,899.9
17,29/03/2020,31,0,P008,2,5499,10998,0,0,10998,1099.8
18,23/08/2020,28,0,P010,2,2199,4398,0,0,4398,439.8
19,01/10/2020,12,0,P010,1,2199,2199,0,0,2199,219.9
20,10/03/2022,2,0,P010,3,2199,6597,0,0,6597,659.7
21,08/11/2021,40,0,P012,1,2999,2999,0,0,2999,299.9
22,20/02/2021,40,0,P013,1,15999,15999,0,0,15999,1599.9
23,12/11/2020,8,0,P029,1,99,99,0,0,99,9.9
24,02/02/2023,25,0,P029,2,99,198,0,0,198,19.8
25,19/06/2020,31,0,P016,3,24999,74997,0,0,74997,7499.7
26,05/01/2023,44,0,P016,2,24999,49998,0,0,49998,4999.8
27,15/12/2022,41,0,P022,3,1999,5997,0,0,5997,599.7
28,18/04/2021,17,PR001,P017,1,10499,10499,20,2099.8,8399.2,839.92
29,30/01/2020,1,0,P018,1,2299,2299,0,0,2299,229.9
30,22/07/2021,6,0,P023,3,1499,4497,0,0,4497,449.7
31,07/02/2022,27,0,P028,2,349,698,0,0,698,69.8
32,16/05/2021,43,PR001,P001,3,79999,239997,20,47999.4,191997.6,19199.76
33,20/02/2020,24,0,P020,2,12999,25998,0,0,25998,2599.8
34,28/08/2020,14,0,P017,3,10499,31497,0,0,31497,3149.7
35,24/02/2022,20,0,P013,3,15999,47997,0,0,47997,4799.7
36,18/09/2020,14,0,P025,2,8999,17998,0,0,17998,1799.8
37,04/07/2020,49,PR004,P023,1,1499,1499,50,749.5,749.5,74.95
38,10/06/2021,31,0,P014,1,4999,4999,0,0,4999,499.9
39,31/12/2023,29,PR005,P018,1,2299,2299,70,1609.3,689.7,68.97
40,21/06/2021,43,0,P020,3,12999,38997,0,0,38997,3899.7
41,09/09/2022,11,0,P020,3,12999,38997,0,0,38997,3899.7
42,19/09/2021,27,0,P023,3,1499,4497,0,0,4497,449.7
43,22/09/2021,18,0,P016,1,24999,24999,0,0,24999,2499.9
44,03/05/2022,9,PR001,P004,2,64999,129998,20,25999.6,103998.4,10399.84
45,31/12/2023,33,PR005,P019,3,5999,17997,70,12597.9,5399.1,539.91
46,30/10/2022,42,0,P017,1,10499,10499,0,0,10499,1049.9
47,07/04/2022,17,PR001,P010,1,2199,2199,20,439.8,1759.2,175.92
48,03/04/2022,32,PR001,P008,1,5499,5499,20,1099.8,4399.2,439.92
49,01/08/2020,24,0,P023,3,1499,4497,0,0,4497,449.7
50,09/02/2022,25,0,P002,1,69999,69999,0,0,69999,6999.9
51,12/11/2023,32,0,P010,2,2199,4398,0,0,4398,439.8
52,23/12/2022,35,0,P028,2,349,698,0,0,698,69.8
53,11/09/2022,10,0,P019,1,5999,5999,0,0,5999,599.9
54,24/01/2021,3,0,P002,3,69999,209997,0,0,209997,20999.7
55,19/09/2022,49,0,P007,3,6999,20997,0,0,20997,2099.7
56,03/09/2023,42,0,P007,1,6999,6999,0,0,6999,699.9
57,07/09/2023,16,0,P018,2,2299,4598,0,0,4598,459.8
58,01/03/2023,46,0,P026,3,5499,16497,0,0,16497,1649.7
59,11/02/2020,1,0,P011,3,1499,4497,0,0,4497,449.7
60,29/05/2022,4,PR001,P018,3,2299,6897,20,1379.4,5517.6,551.76
61,15/04/2020,18,PR001,P023,3,1499,4497,20,899.4,3597.6,359.76
62,01/07/2023,7,PR004,P013,3,15999,47997,50,23998.5,23998.5,2399.85
63,24/11/2021,19,0,P022,3,1999,5997,0,0,5997,599.7
64,07/08/2023,45,0,P009,1,3499,3499,0,0,3499,349.9
65,02/10/2023,33,0,P021,3,1299,3897,0,0,3897,389.7
66,11/05/2023,13,PR001,P009,3,3499,10497,20,2099.4,8397.6,839.76
67,17/05/2023,47,PR001,P019,1,5999,5999,20,1199.8,4799.2,479.92
68,29/06/2022,44,0,P021,1,1299,1299,0,0,1299,129.9
69,02/10/2023,35,0,P028,1,349,349,0,0,349,34.9
70,04/01/2020,34,0,P023,2,1499,2998,0,0,2998,299.8
71,07/05/2020,20,PR001,P023,3,1499,4497,20,899.4,3597.6,359.76
72,31/12/2023,2,PR005,P030,1,399,399,70,279.3,119.7,11.97
73,22/07/2023,20,PR004,P029,2,99,198,50,99,99,9.9
74,14/01/2022,6,0,P010,1,2199,2199,0,0,2199,219.9
75,14/04/2023,14,PR001,P029,2,99,198,20,39.6,158.4,15.84
76,13/11/2021,10,0,P018,3,2299,6897,0,0,6897,689.7
77,26/01/2020,48,0,P021,1,1299,1299,0,0,1299,129.9
78,26/08/2021,32,0,P026,3,5499,16497,0,0,16497,1649.7
79,01/01/2022,32,PR003,P024,3,2799,8397,50,4198.5,4198.5,419.85
80,22/03/2022,35,0,P024,1,2799,2799,0,0,2799,279.9
81,30/10/2021,26,0,P021,3,1299,3897,0,0,3897,389.7
82,05/06/2020,24,0,P006,2,7499,14998,0,0,14998,1499.8
83,10/05/2022,6,PR001,P004,1,64999,64999,20,12999.8,51999.2,5199.92
84,07/06/2023,17,0,P017,1,10499,10499,0,0,10499,1049.9
85,22/12/2021,38,0,P007,2,6999,13998,0,0,13998,1399.8
86,31/12/2023,2,PR005,P016,2,24999,49998,70,34998.6,14999.4,1499.94
87,28/02/2020,1,0,P010,2,2199,4398,0,0,4398,439.8
88,16/01/2023,14,0,P007,2,6999,13998,0,0,13998,1399.8
89,22/10/2023,44,0,P030,1,399,399,0,0,399,39.9
90,16/03/2022,18,0,P017,1,10499,10499,0,0,10499,1049.9
91,22/08/2021,15,0,P026,2,5499,10998,0,0,10998,1099.8
92,19/10/2021,8,0,P027,1,699,699,0,0,699,69.9
93,20/04/2023,19,PR001,P007,2,6999,13998,20,2799.6,11198.4,1119.84
94,09/04/2023,13,PR001,P018,2,2299,4598,20,919.6,3678.4,367.84
95,30/12/2023,36,PR005,P022,2,1999,3998,70,2798.6,1199.4,119.94
96,01/05/2020,30,PR001,P026,2,5499,10998,20,2199.6,8798.4,879.84
97,18/11/2023,28,0,P028,3,349,1047,0,0,1047,104.7
98,01/03/2021,8,0,P018,3,2299,6897,0,0,6897,689.7
99,02/03/2021,45,0,P017,2,10499,20998,0,0,20998,2099.8
100,17/08/2020,42,0,P019,1,5999,5999,0,0,5999,599.9
101,16/12/2021,38,0,P019,2,5999,11998,0,0,11998,1199.8
102,03/03/2022,20,0,P010,2,2199,4398,0,0,4398,439.8
103,17/06/2022,45,0,P018,1,2299,2299,0,0,2299,229.9
104,01/04/2022,4,PR001,P014,1,4999,4999,20,999.8,3999.2,399.92
105,20/04/2021,13,PR001,P024,3,2799,8397,20,1679.4,6717.6,671.76
106,10/04/2020,12,PR001,P024,2,2799,5598,20,1119.6,4478.4,447.84
107,06/04/2021,15,PR001,P026,3,5499,16497,20,3299.4,13197.6,1319.76
108,31/07/2022,27,PR004,P026,2,5499,10998,50,5499,5499,549.9
109,22/01/2022,13,0,P024,1,2799,2799,0,0,2799,279.9
110,14/09/2021,45,0,P017,1,10499,10499,0,0,10499,1049.9
111,01/08/2023,24,0,P030,2,399,798,0,0,798,79.8
112,30/12/2023,38,PR005,P023,1,1499,1499,70,1049.3,449.7,44.97
113,10/11/2022,12,0,P020,3,12999,38997,0,0,38997,3899.7
114,30/11/2020,29,0,P015,3,8499,25497,0,0,25497,2549.7
115,09/04/2020,16,PR001,P025,1,8999,8999,20,1799.8,7199.2,719.92
116,31/07/2020,48,0,P019,2,5999,11998,0,0,11998,1199.8
117,29/10/2022,32,0,P025,2,8999,17998,0,0,17998,1799.8
118,26/06/2023,47,0,P016,1,24999,24999,0,0,24999,2499.9
119,19/05/2022,48,PR001,P004,2,64999,129998,20,25999.6,103998.4,10399.84
120,31/10/2023,27,0,P018,3,2299,6897,0,0,6897,689.7
121,22/05/2021,11,PR001,P018,2,2299,4598,20,919.6,3678.4,367.84
122,08/07/2022,49,0,P014,1,4999,4999,0,0,4999,499.9
123,29/10/2022,44,0,P029,1,99,99,0,0,99,9.9
124,23/10/2021,28,0,P001,2,79999,159998,0,0,159998,15999.8
125,27/04/2020,38,PR001,P017,3,10499,31497,20,6299.4,25197.6,2519.76
126,05/11/2023,5,0,P010,2,2199,4398,0,0,4398,439.8
127,12/01/2023,37,0,P018,2,2299,4598,0,0,4598,459.8
128,13/09/2023,38,0,P008,1,5499,5499,0,0,5499,549.9
129,21/07/2022,45,0,P015,2,8499,16998,0,0,16998,1699.8
130,29/12/2021,40,0,P030,3,399,1197,0,0,1197,119.7
131,02/02/2023,50,0,P005,1,92499,92499,0,0,92499,9249.9
132,27/08/2020,25,0,P007,2,6999,13998,0,0,13998,1399.8
133,08/10/2020,27,0,P024,1,2799,2799,0,0,2799,279.9
134,29/01/2020,43,0,P025,3,8999,26997,0,0,26997,2699.7
135,26/08/2022,16,0,P017,3,10499,31497,0,0,31497,3149.7
136,06/03/2020,47,0,P019,1,5999,5999,0,0,5999,599.9
137,07/01/2023,32,0,P007,2,6999,13998,0,0,13998,1399.8
138,16/12/2022,9,0,P008,1,5499,5499,0,0,5499,549.9
139,30/03/2020,42,0,P008,1,5499,5499,0,0,5499,549.9
140,09/10/2020,50,0,P013,2,15999,31998,0,0,31998,3199.8
141,23/03/2022,4,0,P028,2,349,698,0,0,698,69.8
142,10/02/2021,13,0,P020,1,12999,12999,0,0,12999,1299.9
143,29/10/2022,33,0,P020,1,12999,12999,0,0,12999,1299.9
144,22/06/2021,35,0,P007,1,6999,6999,0,0,6999,699.9
145,26/03/2023,46,0,P010,2,2199,4398,0,0,4398,439.8
146,21/11/2023,23,0,P008,2,5499,10998,0,0,10998,1099.8
147,07/09/2023,23,0,P029,3,99,297,0,0,297,29.7
148,26/07/2021,5,0,P008,3,5499,16497,0,0,16497,1649.7
149,05/09/2021,28,0,P029,1,99,99,0,0,99,9.9
150,06/06/2023,15,0,P027,1,699,699,0,0,699,69.9
151,09/02/2020,40,0,P012,2,2999,5998,0,0,5998,599.8
152,06/05/2020,39,PR001,P004,3,64999,194997,20,38999.4,155997.6,15599.76
153,29/05/2022,21,PR001,P008,3,5499,16497,20,3299.4,13197.6,1319.76
154,27/03/2020,46,0,P007,3,6999,20997,0,0,20997,2099.7
155,14/09/2020,14,0,P017,2,10499,20998,0,0,20998,2099.8
156,09/08/2020,39,0,P026,2,5499,10998,0,0,10998,1099.8
157,10/08/2021,46,0,P003,3,89999,269997,0,0,269997,26999.7
158,28/06/2020,26,0,P021,3,1299,3897,0,0,3897,389.7
159,04/03/2022,34,0,P025,3,8999,26997,0,0,26997,2699.7
160,07/03/2020,1,0,P017,2,10499,20998,0,0,20998,2099.8
161,27/02/2020,30,0,P018,2,2299,4598,0,0,4598,459.8
162,02/12/2020,38,0,P008,1,5499,5499,0,0,5499,549.9
163,10/05/2022,47,PR001,P025,1,8999,8999,20,1799.8,7199.2,719.92
164,30/04/2022,38,PR001,P002,3,69999,209997,20,41999.4,167997.6,16799.76
165,29/10/2022,19,0,P004,2,64999,129998,0,0,129998,12999.8
166,11/01/2022,6,0,P028,1,349,349,0,0,349,34.9
167,30/09/2023,18,0,P001,3,79999,239997,0,0,239997,23999.7
168,26/04/2020,22,PR001,P015,3,8499,25497,20,5099.4,20397.6,2039.76
169,25/03/2023,26,0,P020,1,12999,12999,0,0,12999,1299.9
170,11/02/2021,43,0,P023,1,1499,1499,0,0,1499,149.9
171,27/07/2020,16,0,P004,2,64999,129998,0,0,129998,12999.8
172,29/05/2022,8,PR001,P012,1,2999,2999,20,599.8,2399.2,239.92
173,26/08/2020,48,0,P023,3,1499,4497,0,0,4497,449.7
174,09/09/2021,11,0,P017,1,10499,10499,0,0,10499,1049.9
175,05/09/2022,24,0,P027,3,699,2097,0,0,2097,209.7
176,14/12/2021,41,0,P006,1,7499,7499,0,0,7499,749.9
177,23/01/2023,2,0,P028,1,349,349,0,0,349,34.9
178,20/05/2022,3,PR001,P001,3,79999,239997,20,47999.4,191997.6,19199.76
179,01/10/2020,43,0,P017,2,10499,20998,0,0,20998,2099.8
180,14/07/2021,49,0,P021,2,1299,2598,0,0,2598,259.8
181,20/06/2020,20,0,P012,3,2999,8997,0,0,8997,899.7
182,12/07/2020,9,PR004,P007,2,6999,13998,50,6999,6999,699.9
183,18/07/2023,10,0,P030,2,399,798,0,0,798,79.8
184,09/08/2022,9,0,P016,3,24999,74997,0,0,74997,7499.7
185,10/05/2023,14,PR001,P004,1,64999,64999,20,12999.8,51999.2,5199.92
186,26/05/2023,38,PR001,P012,1,2999,2999,20,599.8,2399.2,239.92
187,05/01/2021,46,0,P030,3,399,1197,0,0,1197,119.7
188,29/10/2020,48,0,P030,1,399,399,0,0,399,39.9
189,14/05/2022,15,PR001,P009,2,3499,6998,20,1399.6,5598.4,559.84
190,02/04/2023,32,PR001,P026,2,5499,10998,20,2199.6,8798.4,879.84
191,11/07/2020,18,PR004,P018,3,2299,6897,50,3448.5,3448.5,344.85
192,28/11/2022,24,0,P021,1,1299,1299,0,0,1299,129.9
193,06/01/2023,5,0,P006,2,7499,14998,0,0,14998,1499.8
194,20/07/2022,31,0,P020,1,12999,12999,0,0,12999,1299.9
195,22/01/2021,20,0,P020,3,12999,38997,0,0,38997,3899.7
196,08/03/2021,11,0,P006,2,7499,14998,0,0,14998,1499.8
197,13/06/2022,24,0,P010,1,2199,2199,0,0,2199,219.9
198,01/09/2022,44,0,P014,2,4999,9998,0,0,9998,999.8
199,30/12/2023,13,PR005,P018,2,2299,4598,70,3218.6,1379.4,137.94
200,11/02/2020,10,0,P014,2,4999,9998,0,0,9998,999.8
201,15/05/2022,21,PR001,P026,2,5499,10998,20,2199.6,8798.4,879.84
202,24/12/2022,22,0,P008,3,5499,16497,0,0,16497,1649.7
203,01/05/2023,7,PR001,P010,3,2199,6597,20,1319.4,5277.6,527.76
204,22/12/2020,24,0,P004,3,64999,194997,0,0,194997,19499.7
205,20/09/2023,15,0,P014,1,4999,4999,0,0,4999,499.9
206,30/10/2023,40,0,P019,2,5999,11998,0,0,11998,1199.8
207,17/03/2020,1,0,P012,2,2999,5998,0,0,5998,599.8
208,24/03/2020,12,0,P017,1,10499,10499,0,0,10499,1049.9
209,03/03/2023,34,0,P030,3,399,1197,0,0,1197,119.7
210,22/03/2021,27,0,P030,3,399,1197,0,0,1197,119.7
211,29/10/2022,43,0,P024,2,2799,5598,0,0,5598,559.8
212,31/07/2023,17,0,P030,3,399,1197,0,0,1197,119.7
213,19/08/2023,27,0,P028,3,349,1047,0,0,1047,104.7
214,20/07/2022,29,0,P010,2,2199,4398,0,0,4398,439.8
215,30/12/2023,46,PR005,P018,1,2299,2299,70,1609.3,689.7,68.97
216,25/10/2020,29,0,P026,2,5499,10998,0,0,10998,1099.8
217,29/12/2023,39,PR005,P020,1,12999,12999,70,9099.3,3899.7,389.97
218,20/04/2020,29,PR001,P004,2,64999,129998,20,25999.6,103998.4,10399.84
219,13/02/2023,23,0,P010,1,2199,2199,0,0,2199,219.9
220,31/05/2023,30,PR001,P009,1,3499,3499,20,699.8,2799.2,279.92
221,20/03/2023,7,0,P006,3,7499,22497,0,0,22497,2249.7
222,20/04/2020,1,PR001,P002,1,69999,69999,20,13999.8,55999.2,5599.92
223,03/01/2023,45,0,P028,1,349,349,0,0,349,34.9
224,18/10/2020,33,0,P002,2,69999,139998,0,0,139998,13999.8
225,03/10/2020,24,0,P001,3,79999,239997,0,0,239997,23999.7
226,03/10/2023,9,0,P029,3,99,297,0,0,297,29.7
227,19/01/2021,40,0,P019,2,5999,11998,0,0,11998,1199.8
228,29/01/2021,42,0,P015,3,8499,25497,0,0,25497,2549.7
229,26/03/2021,47,0,P026,1,5499,5499,0,0,5499,549.9
230,24/11/2022,2,0,P010,1,2199,2199,0,0,2199,219.9
231,30/08/2020,13,0,P021,1,1299,1299,0,0,1299,129.9
232,10/05/2022,47,PR001,P028,2,349,698,20,139.6,558.4,55.84
233,02/10/2021,39,0,P008,3,5499,16497,0,0,16497,1649.7
234,17/12/2020,6,0,P019,1,5999,5999,0,0,5999,599.9
235,19/12/2022,13,0,P007,1,6999,6999,0,0,6999,699.9
236,28/11/2020,8,0,P019,2,5999,11998,0,0,11998,1199.8
237,23/05/2023,8,PR001,P004,2,64999,129998,20,25999.6,103998.4,10399.84
238,07/12/2020,43,0,P022,1,1999,1999,0,0,1999,199.9
239,17/08/2020,48,0,P009,2,3499,6998,0,0,6998,699.8
240,15/04/2020,23,PR001,P005,2,92499,184998,20,36999.6,147998.4,14799.84
241,06/01/2020,15,0,P027,1,699,699,0,0,699,69.9
242,28/01/2022,44,0,P027,2,699,1398,0,0,1398,139.8
243,29/12/2023,36,PR005,P030,3,399,1197,70,837.9,359.1,35.91
244,29/07/2021,9,0,P027,1,699,699,0,0,699,69.9
245,15/11/2020,3,0,P017,1,10499,10499,0,0,10499,1049.9
246,20/01/2020,9,0,P026,2,5499,10998,0,0,10998,1099.8
247,03/03/2023,43,0,P027,2,699,1398,0,0,1398,139.8
248,04/11/2020,39,0,P004,2,64999,129998,0,0,129998,12999.8
249,29/01/2023,11,0,P023,3,1499,4497,0,0,4497,449.7
250,31/10/2021,22,0,P021,1,1299,1299,0,0,1299,129.9
251,05/12/2022,20,0,P011,2,1499,2998,0,0,2998,299.8
252,29/08/2020,36,0,P009,2,3499,6998,0,0,6998,699.8
253,26/07/2023,39,0,P013,1,15999,15999,0,0,15999,1599.9
254,03/08/2020,42,0,P002,1,69999,69999,0,0,69999,6999.9
255,25/10/2020,15,0,P004,3,64999,194997,0,0,194997,19499.7
256,26/07/2020,22,PR004,P014,1,4999,4999,50,2499.5,2499.5,249.95
257,15/02/2020,42,0,P010,2,2199,4398,0,0,4398,439.8
258,16/06/2023,14,0,P027,1,699,699,0,0,699,69.9
259,27/09/2020,35,0,P018,1,2299,2299,0,0,2299,229.9
260,05/08/2020,32,0,P014,1,4999,4999,0,0,4999,499.9
261,09/06/2023,49,0,P015,3,8499,25497,0,0,25497,2549.7
262,02/08/2020,37,0,P006,1,7499,7499,0,0,7499,749.9
263,29/12/2023,24,PR005,P021,2,1299,2598,70,1818.6,779.4,77.94
264,26/02/2020,38,0,P017,1,10499,10499,0,0,10499,1049.9
265,11/02/2020,43,0,P003,3,89999,269997,0,0,269997,26999.7
266,19/07/2022,44,0,P011,2,1499,2998,0,0,2998,299.8
267,13/07/2021,25,0,P027,2,699,1398,0,0,1398,139.8
268,30/04/2020,1,PR001,P010,2,2199,4398,20,879.6,3518.4,351.84
269,17/11/2023,32,0,P002,2,69999,139998,0,0,139998,13999.8
270,22/05/2021,42,PR001,P029,3,99,297,20,59.4,237.6,23.76
271,29/12/2023,6,PR005,P017,1,10499,10499,70,7349.3,3149.7,314.97
272,11/06/2020,3,0,P008,2,5499,10998,0,0,10998,1099.8
273,04/09/2022,4,0,P023,1,1499,1499,0,0,1499,149.9
274,16/07/2020,3,0,P030,2,399,798,0,0,798,79.8
275,26/05/2022,37,PR001,P010,1,2199,2199,20,439.8,1759.2,175.92
276,28/10/2022,49,0,P021,1,1299,1299,0,0,1299,129.9
277,19/11/2021,44,0,P008,2,5499,10998,0,0,10998,1099.8
278,23/04/2023,23,PR001,P015,3,8499,25497,20,5099.4,20397.6,2039.76
279,08/03/2020,34,0,P028,2,349,698,0,0,698,69.8
280,23/08/2020,32,0,P006,3,7499,22497,0,0,22497,2249.7
281,27/04/2022,48,PR001,P027,1,699,699,20,139.8,559.2,55.92
282,19/08/2023,19,0,P026,3,5499,16497,0,0,16497,1649.7
283,22/05/2021,36,PR001,P016,3,24999,74997,20,14999.4,59997.6,5999.76
284,02/11/2022,3,0,P022,3,1999,5997,0,0,5997,599.7
285,04/08/2023,43,0,P007,3,6999,20997,0,0,20997,2099.7
286,10/03/2021,42,0,P010,3,2199,6597,0,0,6597,659.7
287,29/05/2022,24,PR001,P022,2,1999,3998,20,799.6,3198.4,319.84
288,29/10/2023,15,0,P014,1,4999,4999,0,0,4999,499.9
289,27/10/2023,28,0,P004,1,64999,64999,0,0,64999,6499.9
290,18/02/2022,50,0,P028,2,349,698,0,0,698,69.8
291,23/11/2021,28,0,P013,1,15999,15999,0,0,15999,1599.9
292,05/07/2020,35,PR004,P015,3,8499,25497,50,12748.5,12748.5,1274.85
293,29/12/2023,3,PR005,P014,3,4999,14997,70,10497.9,4499.1,449.91
294,29/12/2021,36,0,P030,2,399,798,0,0,798,79.8
295,30/04/2022,3,PR001,P022,2,1999,3998,20,799.6,3198.4,319.84
296,24/05/2021,11,PR001,P018,1,2299,2299,20,459.8,1839.2,183.92
297,14/03/2022,28,0,P027,3,699,2097,0,0,2097,209.7
298,29/12/2023,33,PR005,P019,1,5999,5999,70,4199.3,1799.7,179.97
299,16/02/2022,38,0,P022,1,1999,1999,0,0,1999,199.9
300,18/12/2020,29,0,P017,2,10499,20998,0,0,20998,2099.8
301,27/01/2022,15,0,P003,1,89999,89999,0,0,89999,8999.9
302,12/04/2021,3,PR001,P006,1,7499,7499,20,1499.8,5999.2,599.92
303,21/08/2021,6,0,P009,2,3499,6998,0,0,6998,699.8
304,12/09/2023,10,0,P025,2,8999,17998,0,0,17998,1799.8
305,19/01/2020,18,0,P018,2,2299,4598,0,0,4598,459.8
306,23/06/2022,38,0,P005,1,92499,92499,0,0,92499,9249.9
307,29/05/2022,20,PR001,P010,1,2199,2199,20,439.8,1759.2,175.92
308,04/12/2021,7,0,P019,3,5999,17997,0,0,17997,1799.7
309,14/01/2022,28,0,P008,3,5499,16497,0,0,16497,1649.7
310,02/05/2020,1,PR001,P020,2,12999,25998,20,5199.6,20798.4,2079.84
311,15/12/2020,26,0,P026,2,5499,10998,0,0,10998,1099.8
312,03/01/2021,21,0,P030,1,399,399,0,0,399,39.9
313,30/10/2021,48,0,P006,2,7499,14998,0,0,14998,1499.8
314,28/01/2022,33,0,P024,1,2799,2799,0,0,2799,279.9
315,08/07/2023,35,PR004,P007,3,6999,20997,50,10498.5,10498.5,1049.85
316,17/04/2023,41,PR001,P016,2,24999,49998,20,9999.6,39998.4,3999.84
317,12/11/2021,31,0,P018,2,2299,4598,0,0,4598,459.8
318,02/07/2021,20,0,P017,1,10499,10499,0,0,10499,1049.9
319,30/03/2020,45,0,P013,1,15999,15999,0,0,15999,1599.9
320,28/06/2023,41,0,P025,1,8999,8999,0,0,8999,899.9
321,25/08/2020,11,0,P030,3,399,1197,0,0,1197,119.7
322,11/07/2022,42,0,P019,1,5999,5999,0,0,5999,599.9
323,26/10/2021,8,0,P010,1,2199,2199,0,0,2199,219.9
324,29/10/2023,33,0,P007,2,6999,13998,0,0,13998,1399.8
325,01/03/2021,47,0,P028,1,349,349,0,0,349,34.9
326,19/11/2021,29,0,P022,3,1999,5997,0,0,5997,599.7
327,12/09/2023,27,0,P020,1,12999,12999,0,0,12999,1299.9
328,18/05/2020,32,PR001,P006,2,7499,14998,20,2999.6,11998.4,1199.84
329,26/06/2021,26,0,P026,2,5499,10998,0,0,10998,1099.8
330,21/12/2020,5,0,P027,3,699,2097,0,0,2097,209.7
331,13/10/2023,12,0,P019,1,5999,5999,0,0,5999,599.9
332,21/04/2022,46,PR001,P010,1,2199,2199,20,439.8,1759.2,175.92
333,11/11/2022,49,0,P014,2,4999,9998,0,0,9998,999.8
334,28/10/2022,5,0,P003,2,89999,179998,0,0,179998,17999.8
335,15/07/2023,12,PR004,P028,1,349,349,50,174.5,174.5,17.45
336,17/04/2020,19,PR001,P004,3,64999,194997,20,38999.4,155997.6,15599.76
337,16/02/2023,9,0,P023,2,1499,2998,0,0,2998,299.8
338,15/03/2020,37,0,P023,1,1499,1499,0,0,1499,149.9
339,13/01/2020,45,0,P026,2,5499,10998,0,0,10998,1099.8
340,28/10/2023,16,0,P017,2,10499,20998,0,0,20998,2099.8
341,04/08/2023,44,0,P014,2,4999,9998,0,0,9998,999.8
342,17/02/2023,21,0,P002,3,69999,209997,0,0,209997,20999.7
343,11/09/2023,8,0,P001,3,79999,239997,0,0,239997,23999.7
344,22/10/2023,12,0,P007,1,6999,6999,0,0,6999,699.9
345,22/12/2022,18,0,P028,3,349,1047,0,0,1047,104.7
346,28/12/2023,26,PR005,P012,1,2999,2999,70,2099.3,899.7,89.97
347,23/09/2021,42,0,P011,1,1499,1499,0,0,1499,149.9
348,24/03/2020,33,0,P012,1,2999,2999,0,0,2999,299.9
349,10/11/2022,24,0,P007,2,6999,13998,0,0,13998,1399.8
350,16/04/2020,16,PR001,P004,1,64999,64999,20,12999.8,51999.2,5199.92
351,21/04/2020,49,PR001,P019,1,5999,5999,20,1199.8,4799.2,479.92
352,20/04/2023,37,PR001,P004,1,64999,64999,20,12999.8,51999.2,5199.92
353,12/08/2022,26,0,P027,3,699,2097,0,0,2097,209.7
354,11/08/2020,6,0,P029,3,99,297,0,0,297,29.7
355,11/05/2020,14,PR001,P010,3,2199,6597,20,1319.4,5277.6,527.76
356,08/07/2020,47,0,P011,2,1499,2998,0,0,2998,299.8
357,10/08/2021,17,0,P007,1,6999,6999,0,0,6999,699.9
358,03/11/2020,14,0,P002,1,69999,69999,0,0,69999,6999.9
359,05/05/2023,32,PR001,P010,3,2199,6597,20,1319.4,5277.6,527.76
360,29/01/2021,19,0,P012,3,2999,8997,0,0,8997,899.7
361,29/08/2021,44,0,P005,2,92499,184998,0,0,184998,18499.8
362,20/09/2022,35,0,P014,2,4999,9998,0,0,9998,999.8
363,11/06/2022,39,0,P021,2,1299,2598,0,0,2598,259.8
364,08/01/2023,42,0,P016,2,24999,49998,0,0,49998,4999.8
365,10/06/2022,30,0,P023,1,1499,1499,0,0,1499,149.9
366,14/05/2020,45,PR001,P026,3,5499,16497,20,3299.4,13197.6,1319.76
367,07/06/2023,20,0,P019,2,5999,11998,0,0,11998,1199.8
368,28/01/2023,18,0,P007,1,6999,6999,0,0,6999,699.9
369,01/02/2022,13,0,P030,2,399,798,0,0,798,79.8
370,12/08/2023,25,0,P002,1,69999,69999,0,0,69999,6999.9
371,28/04/2020,28,PR001,P007,3,6999,20997,20,4199.4,16797.6,1679.76
372,12/11/2023,27,0,P003,1,89999,89999,0,0,89999,8999.9
373,26/05/2020,2,PR001,P012,2,2999,5998,20,1199.6,4798.4,479.84
374,13/06/2020,16,0,P021,2,1299,2598,0,0,2598,259.8
375,28/10/2022,9,0,P007,3,6999,20997,0,0,20997,2099.7
376,03/01/2021,4,0,P022,3,1999,5997,0,0,5997,599.7
377,17/05/2021,8,PR001,P021,1,1299,1299,20,259.8,1039.2,103.92
378,11/07/2023,43,0,P019,2,5999,11998,0,0,11998,1199.8
379,12/08/2023,33,0,P018,1,2299,2299,0,0,2299,229.9
380,21/05/2021,7,PR001,P008,1,5499,5499,20,1099.8,4399.2,439.92
381,11/08/2021,50,0,P003,1,89999,89999,0,0,89999,8999.9
382,25/09/2020,44,0,P014,1,4999,4999,0,0,4999,499.9
383,26/01/2021,17,0,P004,3,64999,194997,0,0,194997,19499.7
384,28/12/2023,36,PR005,P010,1,2199,2199,70,1539.3,659.7,65.97
385,20/02/2020,36,0,P022,1,1999,1999,0,0,1999,199.9
386,12/07/2021,50,0,P028,2,349,698,0,0,698,69.8
387,11/03/2021,9,0,P022,1,1999,1999,0,0,1999,199.9
388,29/04/2020,29,PR001,P005,1,92499,92499,20,18499.8,73999.2,7399.92
389,29/08/2022,38,0,P015,1,8499,8499,0,0,8499,849.9
390,28/12/2023,48,PR005,P020,1,12999,12999,70,9099.3,3899.7,389.97
391,27/06/2023,8,0,P020,2,12999,25998,0,0,25998,2599.8
392,23/02/2022,50,0,P011,2,1499,2998,0,0,2998,299.8
393,27/04/2022,45,PR001,P011,1,1499,1499,20,299.8,1199.2,119.92
394,16/09/2023,37,0,P030,3,399,1197,0,0,1197,119.7
395,20/03/2021,24,0,P003,2,89999,179998,0,0,179998,17999.8
396,14/02/2023,17,0,P002,1,69999,69999,0,0,69999,6999.9
397,17/01/2021,38,0,P017,2,10499,20998,0,0,20998,2099.8
398,18/09/2021,4,0,P002,2,69999,139998,0,0,139998,13999.8
399,27/12/2023,7,PR005,P028,1,349,349,70,244.3,104.7,10.47
400,12/11/2021,47,0,P024,2,2799,5598,0,0,5598,559.8
401,20/08/2023,44,0,P019,1,5999,5999,0,0,5999,599.9
402,28/10/2022,23,0,P025,2,8999,17998,0,0,17998,1799.8
403,19/11/2022,22,0,P029,2,99,198,0,0,198,19.8
404,29/11/2022,8,0,P012,2,2999,5998,0,0,5998,599.8
405,28/10/2022,50,0,P009,3,3499,10497,0,0,10497,1049.7
406,05/03/2021,20,0,P020,3,12999,38997,0,0,38997,3899.7
407,12/01/2021,38,0,P028,2,349,698,0,0,698,69.8
408,19/02/2022,27,0,P004,3,64999,194997,0,0,194997,19499.7
409,17/11/2023,42,0,P005,3,92499,277497,0,0,277497,27749.7
410,28/10/2022,5,0,P010,3,2199,6597,0,0,6597,659.7
411,05/06/2023,19,0,P007,2,6999,13998,0,0,13998,1399.8
412,06/11/2020,28,0,P020,3,12999,38997,0,0,38997,3899.7
413,19/01/2022,41,0,P003,1,89999,89999,0,0,89999,8999.9
414,07/02/2022,33,0,P001,3,79999,239997,0,0,239997,23999.7
415,26/04/2023,28,PR001,P029,1,99,99,20,19.8,79.2,7.92
416,28/05/2021,34,PR001,P009,1,3499,3499,20,699.8,2799.2,279.92
417,07/03/2020,20,0,P027,3,699,2097,0,0,2097,209.7
418,22/04/2023,47,PR001,P018,2,2299,4598,20,919.6,3678.4,367.84
419,19/03/2023,40,0,P016,3,24999,74997,0,0,74997,7499.7
420,24/05/2022,47,PR001,P028,3,349,1047,20,209.4,837.6,83.76
421,16/04/2021,47,PR001,P001,2,79999,159998,20,31999.6,127998.4,12799.84
422,17/11/2020,3,0,P010,3,2199,6597,0,0,6597,659.7
423,11/07/2021,23,PR004,P022,1,1999,1999,50,999.5,999.5,99.95
424,22/05/2020,1,PR001,P020,1,12999,12999,20,2599.8,10399.2,1039.92
425,01/10/2023,7,0,P024,2,2799,5598,0,0,5598,559.8
426,27/12/2023,36,PR005,P029,3,99,297,70,207.9,89.1,8.91
427,22/12/2020,44,0,P011,2,1499,2998,0,0,2998,299.8
428,01/03/2021,10,0,P018,2,2299,4598,0,0,4598,459.8
429,18/03/2021,4,0,P002,3,69999,209997,0,0,209997,20999.7
430,13/11/2023,4,0,P022,3,1999,5997,0,0,5997,599.7
431,05/03/2020,46,0,P004,1,64999,64999,0,0,64999,6499.9
432,21/02/2023,22,0,P003,3,89999,269997,0,0,269997,26999.7
433,02/12/2022,45,0,P023,3,1499,4497,0,0,4497,449.7
434,01/08/2020,28,0,P017,2,10499,20998,0,0,20998,2099.8
435,01/06/2020,1,0,P003,1,89999,89999,0,0,89999,8999.9
436,29/10/2021,41,0,P023,1,1499,1499,0,0,1499,149.9
437,10/12/2022,49,0,P003,2,89999,179998,0,0,179998,17999.8
438,20/01/2023,32,0,P023,2,1499,2998,0,0,2998,299.8
439,29/09/2021,46,0,P002,2,69999,139998,0,0,139998,13999.8
440,24/03/2023,35,0,P026,1,5499,5499,0,0,5499,549.9
441,02/12/2022,39,0,P022,3,1999,5997,0,0,5997,599.7
442,12/10/2020,24,0,P022,1,1999,1999,0,0,1999,199.9
443,15/12/2020,45,0,P012,1,2999,2999,0,0,2999,299.9
444,02/06/2020,26,0,P007,1,6999,6999,0,0,6999,699.9
445,29/12/2022,15,0,P016,2,24999,49998,0,0,49998,4999.8
446,30/06/2023,27,0,P013,2,15999,31998,0,0,31998,3199.8
447,18/07/2022,49,0,P014,3,4999,14997,0,0,14997,1499.7
448,06/11/2022,20,0,P014,3,4999,14997,0,0,14997,1499.7
449,31/08/2020,14,0,P028,2,349,698,0,0,698,69.8
450,13/12/2021,34,0,P013,3,15999,47997,0,0,47997,4799.7
451,27/09/2023,11,0,P028,2,349,698,0,0,698,69.8
452,04/07/2023,31,0,P023,2,1499,2998,0,0,2998,299.8
453,11/04/2020,25,PR001,P023,1,1499,1499,20,299.8,1199.2,119.92
454,03/06/2021,3,0,P024,3,2799,8397,0,0,8397,839.7
455,12/11/2020,7,0,P026,3,5499,16497,0,0,16497,1649.7
456,27/03/2021,6,0,P003,2,89999,179998,0,0,179998,17999.8
457,25/01/2022,24,0,P023,3,1499,4497,0,0,4497,449.7
458,05/05/2021,38,PR001,P011,1,1499,1499,20,299.8,1199.2,119.92
459,12/03/2023,29,0,P016,1,24999,24999,0,0,24999,2499.9
460,27/10/2022,28,0,P019,2,5999,11998,0,0,11998,1199.8
461,10/07/2020,25,0,P015,2,8499,16998,0,0,16998,1699.8
462,28/03/2021,22,0,P028,2,349,698,0,0,698,69.8
463,05/05/2022,14,PR001,P011,2,1499,2998,20,599.6,2398.4,239.84
464,09/03/2022,24,0,P015,1,8499,8499,0,0,8499,849.9
465,15/02/2022,38,0,P002,3,69999,209997,0,0,209997,20999.7
466,20/10/2023,45,0,P001,2,79999,159998,0,0,159998,15999.8
467,06/01/2023,40,0,P025,2,8999,17998,0,0,17998,1799.8
468,27/12/2023,7,PR005,P030,1,399,399,70,279.3,119.7,11.97
469,27/06/2023,16,0,P026,3,5499,16497,0,0,16497,1649.7
470,27/11/2021,5,0,P001,2,79999,159998,0,0,159998,15999.8
471,28/05/2022,17,PR001,P010,3,2199,6597,20,1319.4,5277.6,527.76
472,21/08/2021,33,0,P003,3,89999,269997,0,0,269997,26999.7
473,26/05/2023,35,PR001,P020,1,12999,12999,20,2599.8,10399.2,1039.92
474,01/05/2023,47,PR001,P016,3,24999,74997,20,14999.4,59997.6,5999.76
475,30/05/2020,47,PR001,P012,2,2999,5998,20,1199.6,4798.4,479.84
476,07/02/2023,18,0,P023,3,1499,4497,0,0,4497,449.7
477,04/06/2022,10,0,P030,3,399,1197,0,0,1197,119.7
478,22/03/2020,21,0,P028,2,349,698,0,0,698,69.8
479,15/03/2020,35,0,P018,1,2299,2299,0,0,2299,229.9
480,07/08/2023,5,0,P023,2,1499,2998,0,0,2998,299.8
481,15/12/2021,15,0,P020,1,12999,12999,0,0,12999,1299.9
482,26/01/2021,13,0,P007,1,6999,6999,0,0,6999,699.9
483,18/10/2021,47,0,P016,1,24999,24999,0,0,24999,2499.9
484,12/08/2020,5,0,P011,1,1499,1499,0,0,1499,149.9
485,21/02/2022,7,0,P005,3,92499,277497,0,0,277497,27749.7
486,03/08/2021,22,0,P010,3,2199,6597,0,0,6597,659.7
487,18/06/2022,32,0,P007,2,6999,13998,0,0,13998,1399.8
488,08/06/2021,35,0,P011,3,1499,4497,0,0,4497,449.7
489,19/06/2020,38,0,P014,2,4999,9998,0,0,9998,999.8
490,18/07/2021,32,PR004,P008,3,5499,16497,50,8248.5,8248.5,824.85
491,25/11/2020,24,0,P013,1,15999,15999,0,0,15999,1599.9
492,31/01/2020,29,0,P001,1,79999,79999,0,0,79999,7999.9
493,16/02/2022,36,0,P012,2,2999,5998,0,0,5998,599.8
494,01/08/2021,48,0,P013,3,15999,47997,0,0,47997,4799.7
495,27/09/2020,36,0,P013,1,15999,15999,0,0,15999,1599.9
496,02/06/2020,1,0,P013,3,15999,47997,0,0,47997,4799.7
497,26/09/2020,19,0,P005,3,92499,277497,0,0,277497,27749.7
498,17/02/2023,47,0,P014,3,4999,14997,0,0,14997,1499.7
499,24/06/2020,2,0,P008,3,5499,16497,0,0,16497,1649.7
500,31/01/2020,8,0,P005,2,92499,184998,0,0,184998,18499.8
501,03/01/2021,44,0,P017,3,10499,31497,0,0,31497,3149.7
502,10/08/2023,22,0,P006,1,7499,7499,0,0,7499,749.9
503,18/06/2021,10,0,P030,1,399,399,0,0,399,39.9
504,04/04/2021,40,PR001,P006,1,7499,7499,20,1499.8,5999.2,599.92
505,05/08/2022,13,0,P009,2,3499,6998,0,0,6998,699.8
506,15/06/2020,1,0,P011,3,1499,4497,0,0,4497,449.7
507,11/04/2022,15,PR001,P017,1,10499,10499,20,2099.8,8399.2,839.92
508,20/03/2021,31,0,P014,2,4999,9998,0,0,9998,999.8
509,17/05/2023,21,PR001,P017,1,10499,10499,20,2099.8,8399.2,839.92
510,26/10/2023,34,0,P005,1,92499,92499,0,0,92499,9249.9
511,26/10/2021,5,0,P014,2,4999,9998,0,0,9998,999.8
512,05/11/2023,5,0,P009,1,3499,3499,0,0,3499,349.9
513,07/07/2020,12,0,P003,3,89999,269997,0,0,269997,26999.7
514,26/03/2021,28,0,P026,1,5499,5499,0,0,5499,549.9
515,05/05/2021,43,PR001,P014,2,4999,9998,20,1999.6,7998.4,799.84
516,22/06/2022,34,0,P014,1,4999,4999,0,0,4999,499.9
517,31/12/2021,12,0,P011,1,1499,1499,0,0,1499,149.9
518,03/07/2023,15,0,P013,2,15999,31998,0,0,31998,3199.8
519,23/01/2020,39,0,P002,3,69999,209997,0,0,209997,20999.7
520,10/09/2023,37,0,P025,2,8999,17998,0,0,17998,1799.8
521,25/08/2020,4,0,P027,1,699,699,0,0,699,69.9
522,22/06/2020,41,0,P027,3,699,2097,0,0,2097,209.7
523,23/04/2020,36,PR001,P001,3,79999,239997,20,47999.4,191997.6,19199.76
524,24/04/2021,22,PR001,P013,3,15999,47997,20,9599.4,38397.6,3839.76
525,10/09/2023,37,0,P004,3,64999,194997,0,0,194997,19499.7
526,27/02/2021,50,0,P018,3,2299,6897,0,0,6897,689.7
527,30/01/2023,49,0,P012,2,2999,5998,0,0,5998,599.8
528,07/02/2020,12,0,P014,3,4999,14997,0,0,14997,1499.7
529,23/08/2021,48,0,P003,3,89999,269997,0,0,269997,26999.7
530,03/06/2021,44,0,P015,2,8499,16998,0,0,16998,1699.8
531,29/09/2022,43,0,P003,3,89999,269997,0,0,269997,26999.7
532,30/01/2021,14,0,P019,1,5999,5999,0,0,5999,599.9
533,14/07/2020,2,0,P004,2,64999,129998,0,0,129998,12999.8
534,04/01/2020,5,0,P018,3,2299,6897,0,0,6897,689.7
535,16/09/2021,31,0,P003,2,89999,179998,0,0,179998,17999.8
536,27/08/2023,50,0,P025,2,8999,17998,0,0,17998,1799.8
537,09/11/2022,42,0,P016,1,24999,24999,0,0,24999,2499.9
538,04/07/2022,4,0,P008,1,5499,5499,0,0,5499,549.9
539,06/01/2022,22,0,P006,1,7499,7499,0,0,7499,749.9
540,27/08/2021,49,0,P001,1,79999,79999,0,0,79999,7999.9
541,09/02/2020,9,0,P005,2,92499,184998,0,0,184998,18499.8
542,14/07/2020,22,0,P017,3,10499,31497,0,0,31497,3149.7
543,02/03/2021,5,0,P019,2,5999,11998,0,0,11998,1199.8
544,14/10/2023,14,0,P001,2,79999,159998,0,0,159998,15999.8
545,17/04/2022,6,PR001,P017,1,10499,10499,20,2099.8,8399.2,839.92
546,28/03/2022,32,0,P016,1,24999,24999,0,0,24999,2499.9
547,13/01/2022,14,0,P029,1,99,99,0,0,99,9.9
548,19/04/2023,35,PR001,P017,3,10499,31497,20,6299.4,25197.6,2519.76
549,13/02/2022,19,0,P001,2,79999,159998,0,0,159998,15999.8
550,20/06/2021,40,0,P014,2,4999,9998,0,0,9998,999.8
551,22/06/2021,23,0,P015,3,8499,25497,0,0,25497,2549.7
552,04/02/2020,15,0,P021,2,1299,2598,0,0,2598,259.8
553,24/06/2020,1,0,P011,3,1499,4497,0,0,4497,449.7
554,07/10/2021,43,0,P029,2,99,198,0,0,198,19.8
555,05/02/2022,16,0,P008,2,5499,10998,0,0,10998,1099.8
556,15/11/2023,28,0,P007,1,6999,6999,0,0,6999,699.9
557,05/08/2020,31,0,P027,3,699,2097,0,0,2097,209.7
558,20/10/2023,43,0,P012,2,2999,5998,0,0,5998,599.8
559,16/11/2023,19,0,P024,3,2799,8397,0,0,8397,839.7
560,27/04/2020,13,PR001,P019,2,5999,11998,20,2399.6,9598.4,959.84
561,28/06/2020,1,0,P009,3,3499,10497,0,0,10497,1049.7
562,17/05/2022,8,PR001,P021,2,1299,2598,20,519.6,2078.4,207.84
563,27/12/2023,26,PR005,P018,2,2299,4598,70,3218.6,1379.4,137.94
564,27/06/2020,26,0,P018,1,2299,2299,0,0,2299,229.9
565,13/02/2023,39,0,P017,1,10499,10499,0,0,10499,1049.9
566,04/06/2021,8,0,P018,1,2299,2299,0,0,2299,229.9
567,03/05/2023,39,PR001,P012,1,2999,2999,20,599.8,2399.2,239.92
568,02/02/2022,32,0,P018,1,2299,2299,0,0,2299,229.9
569,02/01/2021,8,0,P015,3,8499,25497,0,0,25497,2549.7
570,02/08/2020,31,0,P016,3,24999,74997,0,0,74997,7499.7
571,24/05/2021,41,PR001,P020,1,12999,12999,20,2599.8,10399.2,1039.92
572,24/04/2023,44,PR001,P028,1,349,349,20,69.8,279.2,27.92
573,08/01/2023,37,0,P024,2,2799,5598,0,0,5598,559.8
574,05/03/2022,47,0,P019,1,5999,5999,0,0,5999,599.9
575,18/08/2022,48,0,P016,1,24999,24999,0,0,24999,2499.9
576,29/08/2020,33,0,P030,3,399,1197,0,0,1197,119.7
577,15/08/2023,26,0,P003,2,89999,179998,0,0,179998,17999.8
578,17/08/2023,31,0,P029,2,99,198,0,0,198,19.8
579,24/02/2023,24,0,P004,2,64999,129998,0,0,129998,12999.8
580,08/12/2021,50,0,P027,3,699,2097,0,0,2097,209.7
581,16/05/2021,16,PR001,P007,1,6999,6999,20,1399.8,5599.2,559.92
582,29/07/2020,29,0,P003,3,89999,269997,0,0,269997,26999.7
583,10/06/2023,17,0,P020,2,12999,25998,0,0,25998,2599.8
584,23/05/2023,30,PR001,P011,1,1499,1499,20,299.8,1199.2,119.92
585,09/09/2023,18,0,P009,3,3499,10497,0,0,10497,1049.7
586,01/06/2021,12,0,P015,1,8499,8499,0,0,8499,849.9
587,22/05/2023,10,PR001,P019,2,5999,11998,20,2399.6,9598.4,959.84
588,03/05/2023,4,PR001,P029,1,99,99,20,19.8,79.2,7.92
589,28/03/2022,14,0,P029,1,99,99,0,0,99,9.9
590,11/03/2020,28,0,P016,2,24999,49998,0,0,49998,4999.8
591,25/04/2020,13,PR001,P023,1,1499,1499,20,299.8,1199.2,119.92
592,16/05/2021,34,PR001,P030,3,399,1197,20,239.4,957.6,95.76
593,27/01/2023,19,0,P025,1,8999,8999,0,0,8999,899.9
594,24/01/2023,19,0,P008,3,5499,16497,0,0,16497,1649.7
595,05/03/2022,19,0,P006,3,7499,22497,0,0,22497,2249.7
596,10/01/2020,2,0,P003,2,89999,179998,0,0,179998,17999.8
597,21/08/2020,21,0,P019,3,5999,17997,0,0,17997,1799.7
598,27/12/2023,37,PR005,P018,3,2299,6897,70,4827.9,2069.1,206.91
599,25/06/2022,10,0,P007,1,6999,6999,0,0,6999,699.9
600,18/01/2021,12,0,P005,3,92499,277497,0,0,277497,27749.7
601,30/03/2021,35,0,P009,3,3499,10497,0,0,10497,1049.7
602,11/04/2022,4,PR001,P013,1,15999,15999,20,3199.8,12799.2,1279.92
603,21/03/2022,30,0,P016,3,24999,74997,0,0,74997,7499.7
604,31/05/2021,28,PR001,P004,3,64999,194997,20,38999.4,155997.6,15599.76
605,13/03/2023,36,0,P005,2,92499,184998,0,0,184998,18499.8
606,18/09/2021,16,0,P024,3,2799,8397,0,0,8397,839.7
607,07/05/2021,18,PR001,P026,1,5499,5499,20,1099.8,4399.2,439.92
608,24/03/2021,42,0,P010,2,2199,4398,0,0,4398,439.8
609,14/09/2023,30,0,P011,3,1499,4497,0,0,4497,449.7
610,14/08/2021,19,0,P010,1,2199,2199,0,0,2199,219.9
611,20/05/2021,20,PR001,P007,2,6999,13998,20,2799.6,11198.4,1119.84
612,11/01/2020,34,0,P012,1,2999,2999,0,0,2999,299.9
613,10/01/2023,17,0,P023,1,1499,1499,0,0,1499,149.9
614,21/12/2020,50,0,P011,3,1499,4497,0,0,4497,449.7
615,16/02/2023,16,0,P004,2,64999,129998,0,0,129998,12999.8
616,03/09/2023,43,0,P010,1,2199,2199,0,0,2199,219.9
617,01/10/2021,21,0,P028,3,349,1047,0,0,1047,104.7
618,11/04/2023,17,PR001,P027,1,699,699,20,139.8,559.2,55.92
619,13/02/2022,40,0,P026,2,5499,10998,0,0,10998,1099.8
620,30/07/2020,33,0,P013,1,15999,15999,0,0,15999,1599.9
621,14/01/2020,45,0,P004,1,64999,64999,0,0,64999,6499.9
622,26/12/2023,16,PR005,P012,1,2999,2999,70,2099.3,899.7,89.97
623,24/07/2022,37,PR004,P013,3,15999,47997,50,23998.5,23998.5,2399.85
624,10/04/2020,26,PR001,P022,2,1999,3998,20,799.6,3198.4,319.84
625,15/04/2020,10,PR001,P014,2,4999,9998,20,1999.6,7998.4,799.84
626,29/03/2022,49,0,P008,2,5499,10998,0,0,10998,1099.8
627,28/02/2023,24,0,P005,3,92499,277497,0,0,277497,27749.7
628,15/04/2020,32,PR001,P003,1,89999,89999,20,17999.8,71999.2,7199.92
629,26/10/2022,2,0,P025,2,8999,17998,0,0,17998,1799.8
630,19/09/2023,9,0,P024,2,2799,5598,0,0,5598,559.8
631,16/01/2022,14,0,P017,2,10499,20998,0,0,20998,2099.8
632,10/11/2020,15,0,P003,3,89999,269997,0,0,269997,26999.7
633,09/11/2021,30,0,P014,1,4999,4999,0,0,4999,499.9
634,20/03/2022,50,0,P021,1,1299,1299,0,0,1299,129.9
635,31/07/2023,5,0,P007,1,6999,6999,0,0,6999,699.9
636,09/11/2021,39,0,P001,3,79999,239997,0,0,239997,23999.7
637,23/03/2020,11,0,P026,1,5499,5499,0,0,5499,549.9
638,26/10/2022,40,0,P011,2,1499,2998,0,0,2998,299.8
639,26/12/2023,3,PR005,P015,2,8499,16998,70,11898.6,5099.4,509.94
640,01/02/2020,26,0,P017,1,10499,10499,0,0,10499,1049.9
641,16/02/2021,49,0,P009,1,3499,3499,0,0,3499,349.9
642,26/12/2023,24,PR005,P006,3,7499,22497,70,15747.9,6749.1,674.91
643,08/06/2021,15,0,P020,2,12999,25998,0,0,25998,2599.8
644,25/07/2023,30,0,P028,2,349,698,0,0,698,69.8
645,25/12/2023,45,PR005,P023,1,1499,1499,70,1049.3,449.7,44.97
646,27/03/2022,18,0,P028,2,349,698,0,0,698,69.8
647,06/09/2020,3,0,P013,3,15999,47997,0,0,47997,4799.7
648,23/10/2021,24,0,P017,1,10499,10499,0,0,10499,1049.9
649,19/06/2020,22,0,P015,3,8499,25497,0,0,25497,2549.7
650,20/11/2021,19,0,P029,3,99,297,0,0,297,29.7
651,08/03/2020,43,0,P020,3,12999,38997,0,0,38997,3899.7
652,16/08/2020,44,0,P019,2,5999,11998,0,0,11998,1199.8
653,12/01/2023,25,0,P013,3,15999,47997,0,0,47997,4799.7
654,01/07/2022,35,0,P028,2,349,698,0,0,698,69.8
655,14/09/2022,32,0,P030,2,399,798,0,0,798,79.8
656,24/09/2020,34,0,P029,3,99,297,0,0,297,29.7
657,29/11/2023,12,0,P024,1,2799,2799,0,0,2799,279.9
658,15/04/2020,46,PR001,P004,2,64999,129998,20,25999.6,103998.4,10399.84
659,06/02/2023,12,0,P022,1,1999,1999,0,0,1999,199.9
660,24/11/2023,8,0,P029,2,99,198,0,0,198,19.8
661,13/03/2021,32,0,P023,2,1499,2998,0,0,2998,299.8
662,26/10/2022,37,0,P012,3,2999,8997,0,0,8997,899.7
663,26/05/2022,23,PR001,P010,2,2199,4398,20,879.6,3518.4,351.84
664,11/06/2021,45,0,P026,1,5499,5499,0,0,5499,549.9
665,20/02/2022,28,0,P024,2,2799,5598,0,0,5598,559.8
666,20/07/2020,48,0,P020,3,12999,38997,0,0,38997,3899.7
667,13/06/2022,2,0,P024,2,2799,5598,0,0,5598,559.8
668,30/11/2023,49,0,P005,1,92499,92499,0,0,92499,9249.9
669,09/08/2020,34,0,P023,1,1499,1499,0,0,1499,149.9
670,21/01/2023,25,0,P012,3,2999,8997,0,0,8997,899.7
671,03/04/2021,36,PR001,P023,1,1499,1499,20,299.8,1199.2,119.92
672,12/07/2021,3,0,P007,1,6999,6999,0,0,6999,699.9
673,05/03/2020,14,0,P029,1,99,99,0,0,99,9.9
674,25/12/2020,41,0,P017,1,10499,10499,0,0,10499,1049.9
675,03/04/2022,4,PR001,P006,1,7499,7499,20,1499.8,5999.2,599.92
676,22/08/2021,32,0,P018,1,2299,2299,0,0,2299,229.9
677,24/10/2023,27,0,P024,1,2799,2799,0,0,2799,279.9
678,15/02/2020,38,0,P015,3,8499,25497,0,0,25497,2549.7
679,31/03/2020,30,0,P030,3,399,1197,0,0,1197,119.7
680,07/03/2021,19,0,P021,1,1299,1299,0,0,1299,129.9
681,29/01/2023,42,0,P020,1,12999,12999,0,0,12999,1299.9
682,18/01/2023,15,0,P017,3,10499,31497,0,0,31497,3149.7
683,29/10/2020,9,0,P030,2,399,798,0,0,798,79.8
684,08/06/2023,8,0,P030,2,399,798,0,0,798,79.8
685,24/03/2022,21,0,P026,2,5499,10998,0,0,10998,1099.8
686,14/05/2022,50,PR001,P029,1,99,99,20,19.8,79.2,7.92
687,11/10/2021,46,0,P022,1,1999,1999,0,0,1999,199.9
688,24/07/2020,31,0,P009,3,3499,10497,0,0,10497,1049.7
689,26/10/2023,26,0,P025,3,8999,26997,0,0,26997,2699.7
690,16/05/2021,6,PR001,P023,1,1499,1499,20,299.8,1199.2,119.92
691,24/05/2021,39,PR001,P013,2,15999,31998,20,6399.6,25598.4,2559.84
692,03/06/2021,11,0,P003,2,89999,179998,0,0,179998,17999.8
693,09/10/2020,2,0,P028,1,349,349,0,0,349,34.9
694,30/01/2020,19,0,P030,2,399,798,0,0,798,79.8
695,13/06/2021,46,0,P022,3,1999,5997,0,0,5997,599.7
696,16/10/2023,3,0,P018,1,2299,2299,0,0,2299,229.9
697,01/11/2021,46,0,P002,3,69999,209997,0,0,209997,20999.7
698,30/11/2023,31,0,P015,3,8499,25497,0,0,25497,2549.7
699,19/04/2023,12,PR001,P022,3,1999,5997,20,1199.4,4797.6,479.76
700,09/04/2021,32,PR001,P005,2,92499,184998,20,36999.6,147998.4,14799.84
701,08/02/2020,24,0,P016,3,24999,74997,0,0,74997,7499.7
702,29/04/2020,12,PR001,P006,2,7499,14998,20,2999.6,11998.4,1199.84
703,18/05/2021,12,PR001,P014,3,4999,14997,20,2999.4,11997.6,1199.76
704,26/07/2020,38,PR004,P006,3,7499,22497,50,11248.5,11248.5,1124.85
705,25/02/2023,40,0,P012,3,2999,8997,0,0,8997,899.7
706,14/02/2021,24,0,P010,2,2199,4398,0,0,4398,439.8
707,07/06/2022,31,0,P030,3,399,1197,0,0,1197,119.7
708,16/05/2020,16,PR001,P021,3,1299,3897,20,779.4,3117.6,311.76
709,13/01/2022,34,0,P015,2,8499,16998,0,0,16998,1699.8
710,08/09/2023,43,0,P025,1,8999,8999,0,0,8999,899.9
711,30/04/2021,35,PR001,P022,2,1999,3998,20,799.6,3198.4,319.84
712,23/02/2022,19,0,P025,2,8999,17998,0,0,17998,1799.8
713,20/07/2020,12,0,P030,2,399,798,0,0,798,79.8
714,01/03/2022,40,0,P010,1,2199,2199,0,0,2199,219.9
715,24/06/2020,40,0,P017,2,10499,20998,0,0,20998,2099.8
716,27/02/2020,40,0,P020,1,12999,12999,0,0,12999,1299.9
717,25/10/2021,2,0,P002,2,69999,139998,0,0,139998,13999.8
718,25/10/2022,24,0,P018,1,2299,2299,0,0,2299,229.9
719,25/10/2022,3,0,P029,3,99,297,0,0,297,29.7
720,25/07/2022,32,0,P030,2,399,798,0,0,798,79.8
721,02/03/2023,26,0,P012,2,2999,5998,0,0,5998,599.8
722,05/04/2022,48,PR001,P007,2,6999,13998,20,2799.6,11198.4,1119.84
723,29/11/2023,17,0,P021,3,1299,3897,0,0,3897,389.7
724,20/03/2020,10,0,P026,2,5499,10998,0,0,10998,1099.8
725,19/01/2022,34,0,P012,3,2999,8997,0,0,8997,899.7
726,25/12/2023,19,PR005,P002,2,69999,139998,70,97998.6,41999.4,4199.94
727,26/07/2022,23,0,P023,2,1499,2998,0,0,2998,299.8
728,24/12/2021,15,0,P029,3,99,297,0,0,297,29.7
729,24/06/2020,11,0,P026,1,5499,5499,0,0,5499,549.9
730,28/06/2020,8,0,P004,2,64999,129998,0,0,129998,12999.8
731,16/02/2020,48,0,P013,3,15999,47997,0,0,47997,4799.7
732,16/09/2023,14,0,P030,3,399,1197,0,0,1197,119.7
733,02/08/2023,49,0,P019,3,5999,17997,0,0,17997,1799.7
734,01/06/2023,24,0,P014,2,4999,9998,0,0,9998,999.8
735,24/11/2021,17,0,P015,1,8499,8499,0,0,8499,849.9
736,14/06/2023,29,0,P022,2,1999,3998,0,0,3998,399.8
737,25/02/2023,10,0,P009,1,3499,3499,0,0,3499,349.9
738,25/06/2021,6,0,P026,2,5499,10998,0,0,10998,1099.8
739,24/05/2021,17,PR001,P008,1,5499,5499,20,1099.8,4399.2,439.92
740,04/10/2020,36,0,P016,3,24999,74997,0,0,74997,7499.7
741,07/03/2023,5,0,P028,3,349,1047,0,0,1047,104.7
742,05/08/2020,5,0,P021,2,1299,2598,0,0,2598,259.8
743,12/06/2020,27,0,P030,1,399,399,0,0,399,39.9
744,28/05/2022,50,PR001,P030,1,399,399,20,79.8,319.2,31.92
745,14/01/2020,40,0,P026,3,5499,16497,0,0,16497,1649.7
746,20/12/2020,21,0,P020,1,12999,12999,0,0,12999,1299.9
747,14/01/2021,10,0,P028,1,349,349,0,0,349,34.9
748,05/11/2021,17,0,P019,1,5999,5999,0,0,5999,599.9
749,10/06/2020,26,0,P018,3,2299,6897,0,0,6897,689.7
750,15/02/2023,23,0,P024,3,2799,8397,0,0,8397,839.7
751,30/04/2022,32,PR001,P009,3,3499,10497,20,2099.4,8397.6,839.76
752,18/07/2020,1,PR004,P030,1,399,399,50,199.5,199.5,19.95
753,24/07/2023,7,0,P026,2,5499,10998,0,0,10998,1099.8
754,05/11/2023,15,0,P002,2,69999,139998,0,0,139998,13999.8
755,27/05/2020,28,PR001,P012,2,2999,5998,20,1199.6,4798.4,479.84
756,17/01/2023,36,0,P025,1,8999,8999,0,0,8999,899.9
757,19/07/2023,2,0,P008,3,5499,16497,0,0,16497,1649.7
758,07/01/2020,28,0,P008,1,5499,5499,0,0,5499,549.9
759,22/09/2020,42,0,P025,1,8999,8999,0,0,8999,899.9
760,30/03/2022,15,0,P001,3,79999,239997,0,0,239997,23999.7
761,27/02/2020,48,0,P006,3,7499,22497,0,0,22497,2249.7
762,31/07/2023,11,0,P020,2,12999,25998,0,0,25998,2599.8
763,17/05/2021,19,PR001,P026,2,5499,10998,20,2199.6,8798.4,879.84
764,16/11/2020,20,0,P028,1,349,349,0,0,349,34.9
765,24/08/2020,49,0,P017,1,10499,10499,0,0,10499,1049.9
766,01/03/2020,5,0,P009,1,3499,3499,0,0,3499,349.9
767,29/02/2020,8,0,P021,2,1299,2598,0,0,2598,259.8
768,07/07/2023,25,0,P011,3,1499,4497,0,0,4497,449.7
769,26/04/2023,4,PR001,P029,2,99,198,20,39.6,158.4,15.84
770,14/08/2021,36,0,P014,2,4999,9998,0,0,9998,999.8
771,02/01/2022,2,0,P012,1,2999,2999,0,0,2999,299.9
772,10/06/2023,4,0,P010,1,2199,2199,0,0,2199,219.9
773,10/08/2020,28,0,P005,3,92499,277497,0,0,277497,27749.7
774,29/06/2021,20,0,P027,2,699,1398,0,0,1398,139.8
775,13/09/2023,45,0,P019,3,5999,17997,0,0,17997,1799.7
776,07/12/2021,5,0,P030,2,399,798,0,0,798,79.8
777,28/02/2020,7,0,P006,3,7499,22497,0,0,22497,2249.7
778,06/08/2022,3,0,P012,3,2999,8997,0,0,8997,899.7
779,18/02/2022,10,0,P017,3,10499,31497,0,0,31497,3149.7
780,25/12/2023,12,PR005,P017,2,10499,20998,70,14698.6,6299.4,629.94
781,17/04/2023,8,PR001,P020,1,12999,12999,20,2599.8,10399.2,1039.92
782,21/07/2023,23,0,P023,3,1499,4497,0,0,4497,449.7
783,16/04/2020,15,PR001,P017,2,10499,20998,20,4199.6,16798.4,1679.84
784,11/09/2022,11,0,P013,2,15999,31998,0,0,31998,3199.8
785,01/07/2021,37,0,P003,3,89999,269997,0,0,269997,26999.7
786,28/08/2023,47,0,P006,1,7499,7499,0,0,7499,749.9
787,27/10/2023,47,0,P003,3,89999,269997,0,0,269997,26999.7
788,30/07/2020,1,0,P008,2,5499,10998,0,0,10998,1099.8
789,31/03/2021,49,0,P012,3,2999,8997,0,0,8997,899.7
790,09/11/2020,28,0,P008,3,5499,16497,0,0,16497,1649.7
791,19/07/2022,2,0,P012,1,2999,2999,0,0,2999,299.9
792,08/12/2021,36,0,P017,3,10499,31497,0,0,31497,3149.7
793,13/07/2022,37,0,P014,3,4999,14997,0,0,14997,1499.7
794,06/05/2021,17,PR001,P004,3,64999,194997,20,38999.4,155997.6,15599.76
795,25/01/2022,34,0,P021,2,1299,2598,0,0,2598,259.8
796,19/10/2020,30,0,P020,1,12999,12999,0,0,12999,1299.9
797,07/01/2023,20,0,P023,2,1499,2998,0,0,2998,299.8
798,22/12/2021,5,0,P027,3,699,2097,0,0,2097,209.7
799,10/01/2020,46,0,P005,3,92499,277497,0,0,277497,27749.7
800,26/02/2022,27,0,P023,2,1499,2998,0,0,2998,299.8
801,10/09/2023,5,0,P021,2,1299,2598,0,0,2598,259.8
802,28/06/2023,4,0,P015,1,8499,8499,0,0,8499,849.9
803,02/09/2023,36,0,P020,2,12999,25998,0,0,25998,2599.8
804,07/06/2021,31,0,P003,1,89999,89999,0,0,89999,8999.9
805,01/09/2020,26,0,P024,1,2799,2799,0,0,2799,279.9
806,24/09/2022,9,0,P013,2,15999,31998,0,0,31998,3199.8
807,06/03/2022,4,0,P018,1,2299,2299,0,0,2299,229.9
808,08/01/2020,19,0,P013,2,15999,31998,0,0,31998,3199.8
809,24/06/2021,19,0,P003,1,89999,89999,0,0,89999,8999.9
810,03/05/2022,3,PR001,P030,1,399,399,20,79.8,319.2,31.92
811,01/09/2020,1,0,P020,1,12999,12999,0,0,12999,1299.9
812,20/09/2020,14,0,P007,1,6999,6999,0,0,6999,699.9
813,09/11/2021,32,0,P001,2,79999,159998,0,0,159998,15999.8
814,04/09/2022,38,0,P027,2,699,1398,0,0,1398,139.8
815,17/03/2021,36,0,P027,1,699,699,0,0,699,69.9
816,24/12/2023,12,PR005,P007,2,6999,13998,70,9798.6,4199.4,419.94
817,10/10/2020,50,0,P015,1,8499,8499,0,0,8499,849.9
818,03/05/2021,33,PR001,P026,1,5499,5499,20,1099.8,4399.2,439.92
819,05/09/2021,45,0,P001,3,79999,239997,0,0,239997,23999.7
820,22/10/2020,1,0,P001,1,79999,79999,0,0,79999,7999.9
821,02/12/2021,24,0,P011,3,1499,4497,0,0,4497,449.7
822,10/04/2021,18,PR001,P018,2,2299,4598,20,919.6,3678.4,367.84
823,29/02/2020,8,0,P008,3,5499,16497,0,0,16497,1649.7
824,19/05/2022,7,PR001,P022,3,1999,5997,20,1199.4,4797.6,479.76
825,24/10/2023,20,0,P011,1,1499,1499,0,0,1499,149.9
826,02/08/2023,28,0,P016,2,24999,49998,0,0,49998,4999.8
827,15/11/2022,47,0,P016,1,24999,24999,0,0,24999,2499.9
828,19/01/2020,36,0,P006,2,7499,14998,0,0,14998,1499.8
829,08/01/2022,47,0,P013,2,15999,31998,0,0,31998,3199.8
830,11/11/2023,15,0,P001,2,79999,159998,0,0,159998,15999.8
831,29/12/2021,6,0,P023,2,1499,2998,0,0,2998,299.8
832,30/01/2023,13,0,P029,3,99,297,0,0,297,29.7
833,31/08/2022,3,0,P027,2,699,1398,0,0,1398,139.8
834,25/01/2021,25,0,P009,1,3499,3499,0,0,3499,349.9
835,26/04/2021,5,PR001,P002,2,69999,139998,20,27999.6,111998.4,11199.84
836,14/05/2023,21,PR001,P013,1,15999,15999,20,3199.8,12799.2,1279.92
837,23/05/2023,29,PR001,P005,2,92499,184998,20,36999.6,147998.4,14799.84
838,02/07/2020,33,0,P007,3,6999,20997,0,0,20997,2099.7
839,20/03/2023,34,0,P005,2,92499,184998,0,0,184998,18499.8
840,12/01/2023,3,0,P026,1,5499,5499,0,0,5499,549.9
841,01/08/2020,5,0,P001,2,79999,159998,0,0,159998,15999.8
842,24/05/2021,7,PR001,P023,1,1499,1499,20,299.8,1199.2,119.92
843,15/08/2022,42,0,P010,2,2199,4398,0,0,4398,439.8
844,29/06/2021,14,0,P006,3,7499,22497,0,0,22497,2249.7
845,20/06/2023,41,0,P021,2,1299,2598,0,0,2598,259.8
846,14/08/2023,32,0,P030,2,399,798,0,0,798,79.8
847,12/01/2021,34,0,P030,2,399,798,0,0,798,79.8
848,07/02/2023,3,0,P013,3,15999,47997,0,0,47997,4799.7
849,20/01/2021,20,0,P008,2,5499,10998,0,0,10998,1099.8
850,21/04/2022,40,PR001,P026,1,5499,5499,20,1099.8,4399.2,439.92
851,07/01/2022,23,0,P028,3,349,1047,0,0,1047,104.7
852,26/11/2020,39,0,P014,3,4999,14997,0,0,14997,1499.7
853,16/08/2023,25,0,P015,2,8499,16998,0,0,16998,1699.8
854,06/04/2023,18,PR001,P019,1,5999,5999,20,1199.8,4799.2,479.92
855,28/07/2022,46,0,P002,3,69999,209997,0,0,209997,20999.7
856,18/01/2021,3,0,P005,1,92499,92499,0,0,92499,9249.9
857,19/11/2022,3,0,P017,3,10499,31497,0,0,31497,3149.7
858,13/03/2023,24,0,P029,1,99,99,0,0,99,9.9
859,13/11/2021,37,0,P017,3,10499,31497,0,0,31497,3149.7
860,06/06/2023,40,0,P002,2,69999,139998,0,0,139998,13999.8
861,15/08/2023,33,0,P024,1,2799,2799,0,0,2799,279.9
862,24/09/2023,31,0,P018,3,2299,6897,0,0,6897,689.7
863,15/08/2020,10,0,P009,1,3499,3499,0,0,3499,349.9
864,06/07/2022,43,0,P020,1,12999,12999,0,0,12999,1299.9
865,14/06/2020,20,0,P019,1,5999,5999,0,0,5999,599.9
866,29/05/2023,8,PR001,P016,2,24999,49998,20,9999.6,39998.4,3999.84
867,13/01/2020,17,0,P020,2,12999,25998,0,0,25998,2599.8
868,28/05/2022,4,PR001,P021,2,1299,2598,20,519.6,2078.4,207.84
869,29/01/2022,9,0,P010,1,2199,2199,0,0,2199,219.9
870,09/01/2021,33,0,P013,1,15999,15999,0,0,15999,1599.9
871,21/07/2021,6,0,P016,3,24999,74997,0,0,74997,7499.7
872,17/12/2021,10,0,P013,3,15999,47997,0,0,47997,4799.7
873,11/08/2021,13,0,P002,2,69999,139998,0,0,139998,13999.8
874,15/12/2022,42,0,P023,3,1499,4497,0,0,4497,449.7
875,22/04/2023,40,PR001,P013,1,15999,15999,20,3199.8,12799.2,1279.92
876,13/02/2021,44,0,P020,3,12999,38997,0,0,38997,3899.7
877,29/11/2020,11,0,P004,3,64999,194997,0,0,194997,19499.7
878,24/07/2023,44,0,P008,2,5499,10998,0,0,10998,1099.8
879,24/03/2022,48,0,P026,2,5499,10998,0,0,10998,1099.8
880,18/12/2021,12,0,P025,1,8999,8999,0,0,8999,899.9
881,24/10/2022,20,PR002,P023,1,1499,1499,10,149.9,1349.1,134.91
882,07/11/2020,1,0,P016,1,24999,24999,0,0,24999,2499.9
883,24/12/2023,31,PR005,P021,2,1299,2598,70,1818.6,779.4,77.94
884,05/03/2020,3,0,P028,2,349,698,0,0,698,69.8
885,20/05/2022,8,PR001,P013,2,15999,31998,20,6399.6,25598.4,2559.84
886,18/08/2020,12,0,P028,2,349,698,0,0,698,69.8
887,11/07/2021,33,PR004,P014,1,4999,4999,50,2499.5,2499.5,249.95
888,07/07/2023,16,0,P004,3,64999,194997,0,0,194997,19499.7
889,09/06/2023,5,0,P001,3,79999,239997,0,0,239997,23999.7
890,05/02/2020,38,0,P014,2,4999,9998,0,0,9998,999.8
891,04/04/2022,36,PR001,P020,2,12999,25998,20,5199.6,20798.4,2079.84
892,26/06/2020,32,0,P001,2,79999,159998,0,0,159998,15999.8
893,16/02/2022,17,0,P016,2,24999,49998,0,0,49998,4999.8
894,08/12/2020,1,0,P003,1,89999,89999,0,0,89999,8999.9
895,22/05/2020,42,PR001,P019,3,5999,17997,20,3599.4,14397.6,1439.76
896,27/07/2022,23,0,P011,1,1499,1499,0,0,1499,149.9
897,28/11/2023,2,0,P016,3,24999,74997,0,0,74997,7499.7
898,02/08/2021,15,0,P008,2,5499,10998,0,0,10998,1099.8
899,24/03/2021,48,0,P011,2,1499,2998,0,0,2998,299.8
900,12/11/2021,5,0,P002,3,69999,209997,0,0,209997,20999.7
901,02/12/2022,48,0,P029,3,99,297,0,0,297,29.7
902,02/02/2020,43,0,P020,1,12999,12999,0,0,12999,1299.9
903,21/07/2021,17,0,P029,2,99,198,0,0,198,19.8
904,27/03/2020,29,0,P028,1,349,349,0,0,349,34.9
905,01/07/2020,36,0,P009,3,3499,10497,0,0,10497,1049.7
906,18/06/2022,6,0,P002,2,69999,139998,0,0,139998,13999.8
907,15/01/2021,38,0,P021,2,1299,2598,0,0,2598,259.8
908,05/11/2021,39,0,P014,2,4999,9998,0,0,9998,999.8
909,14/12/2020,48,0,P028,2,349,698,0,0,698,69.8
910,18/05/2020,46,PR001,P008,1,5499,5499,20,1099.8,4399.2,439.92
911,07/03/2023,18,0,P024,1,2799,2799,0,0,2799,279.9
912,20/01/2021,22,0,P002,1,69999,69999,0,0,69999,6999.9
913,19/07/2021,23,0,P020,2,12999,25998,0,0,25998,2599.8
914,29/12/2021,33,0,P012,1,2999,2999,0,0,2999,299.9
915,12/09/2022,14,0,P016,3,24999,74997,0,0,74997,7499.7
916,24/12/2023,16,PR005,P004,3,64999,194997,70,136497.9,58499.1,5849.91
917,18/02/2022,29,0,P006,3,7499,22497,0,0,22497,2249.7
918,17/01/2020,44,0,P027,2,699,1398,0,0,1398,139.8
919,06/08/2020,5,0,P015,3,8499,25497,0,0,25497,2549.7
920,09/08/2023,19,0,P028,1,349,349,0,0,349,34.9
921,03/04/2022,43,PR001,P007,3,6999,20997,20,4199.4,16797.6,1679.76
922,02/04/2021,40,PR001,P026,2,5499,10998,20,2199.6,8798.4,879.84
923,24/01/2021,2,0,P019,3,5999,17997,0,0,17997,1799.7
924,03/03/2023,31,0,P006,2,7499,14998,0,0,14998,1499.8
925,16/12/2020,1,0,P022,3,1999,5997,0,0,5997,599.7
926,21/11/2020,10,0,P022,3,1999,5997,0,0,5997,599.7
927,02/04/2023,2,PR001,P020,3,12999,38997,20,7799.4,31197.6,3119.76
928,17/02/2021,40,0,P017,1,10499,10499,0,0,10499,1049.9
929,01/03/2020,43,0,P005,1,92499,92499,0,0,92499,9249.9
930,17/01/2022,50,0,P027,3,699,2097,0,0,2097,209.7
931,03/12/2021,29,0,P021,2,1299,2598,0,0,2598,259.8
932,27/01/2022,28,0,P021,3,1299,3897,0,0,3897,389.7
933,14/11/2022,42,0,P003,3,89999,269997,0,0,269997,26999.7
934,02/07/2022,33,PR004,P019,2,5999,11998,50,5999,5999,599.9
935,07/02/2022,34,0,P015,1,8499,8499,0,0,8499,849.9
936,12/08/2022,45,0,P007,3,6999,20997,0,0,20997,2099.7
937,24/02/2023,20,0,P007,1,6999,6999,0,0,6999,699.9
938,24/10/2022,9,PR002,P011,3,1499,4497,10,449.7,4047.3,404.73
939,15/10/2021,5,0,P008,2,5499,10998,0,0,10998,1099.8
940,20/02/2022,44,0,P012,2,2999,5998,0,0,5998,599.8
941,30/01/2023,12,0,P025,3,8999,26997,0,0,26997,2699.7
942,30/04/2022,34,PR001,P020,1,12999,12999,20,2599.8,10399.2,1039.92
943,13/08/2021,35,0,P006,1,7499,7499,0,0,7499,749.9
944,28/09/2023,4,0,P024,1,2799,2799,0,0,2799,279.9
945,20/08/2023,17,0,P006,3,7499,22497,0,0,22497,2249.7
946,01/10/2023,21,0,P028,3,349,1047,0,0,1047,104.7
947,04/10/2021,7,0,P012,2,2999,5998,0,0,5998,599.8
948,19/07/2020,41,PR004,P024,2,2799,5598,50,2799,2799,279.9
949,07/04/2020,40,PR001,P009,2,3499,6998,20,1399.6,5598.4,559.84
950,07/02/2020,50,0,P007,3,6999,20997,0,0,20997,2099.7
951,12/09/2021,32,0,P009,3,3499,10497,0,0,10497,1049.7
952,05/07/2023,23,0,P022,1,1999,1999,0,0,1999,199.9
953,08/12/2022,17,0,P017,2,10499,20998,0,0,20998,2099.8
954,26/05/2021,34,PR001,P030,2,399,798,20,159.6,638.4,63.84
955,19/05/2023,48,PR001,P005,3,92499,277497,20,55499.4,221997.6,22199.76
956,19/12/2020,1,0,P001,1,79999,79999,0,0,79999,7999.9
957,19/05/2020,20,PR001,P013,1,15999,15999,20,3199.8,12799.2,1279.92
958,06/03/2021,19,0,P013,3,15999,47997,0,0,47997,4799.7
959,15/08/2023,9,0,P021,2,1299,2598,0,0,2598,259.8
960,16/07/2023,29,PR004,P004,2,64999,129998,50,64999,64999,6499.9
961,14/09/2020,8,0,P017,2,10499,20998,0,0,20998,2099.8
962,05/11/2020,41,0,P030,1,399,399,0,0,399,39.9
963,21/12/2020,1,0,P006,3,7499,22497,0,0,22497,2249.7
964,09/11/2022,24,0,P001,3,79999,239997,0,0,239997,23999.7
965,02/12/2020,3,0,P008,1,5499,5499,0,0,5499,549.9
966,04/11/2022,35,0,P014,1,4999,4999,0,0,4999,499.9
967,06/06/2023,46,0,P019,1,5999,5999,0,0,5999,599.9
968,27/08/2021,4,0,P024,1,2799,2799,0,0,2799,279.9
969,10/04/2023,38,PR001,P026,2,5499,10998,20,2199.6,8798.4,879.84
970,22/07/2022,46,0,P024,2,2799,5598,0,0,5598,559.8
971,30/10/2023,19,0,P001,2,79999,159998,0,0,159998,15999.8
972,26/07/2023,3,0,P027,3,699,2097,0,0,2097,209.7
973,08/12/2020,34,0,P009,1,3499,3499,0,0,3499,349.9
974,20/09/2020,28,0,P009,3,3499,10497,0,0,10497,1049.7
975,23/08/2022,32,0,P010,2,2199,4398,0,0,4398,439.8
976,06/11/2021,8,0,P014,1,4999,4999,0,0,4999,499.9
977,27/08/2023,19,0,P004,3,64999,194997,0,0,194997,19499.7
978,31/05/2020,24,PR001,P003,2,89999,179998,20,35999.6,143998.4,14399.84
979,24/12/2023,7,PR005,P013,1,15999,15999,70,11199.3,4799.7,479.97
980,01/09/2020,33,0,P001,1,79999,79999,0,0,79999,7999.9
981,22/01/2020,40,0,P004,3,64999,194997,0,0,194997,19499.7
982,18/08/2020,12,0,P030,2,399,798,0,0,798,79.8
983,03/02/2023,47,0,P025,1,8999,8999,0,0,8999,899.9
984,15/10/2020,20,0,P001,1,79999,79999,0,0,79999,7999.9
985,17/12/2022,4,0,P011,1,1499,1499,0,0,1499,149.9
986,23/07/2023,4,PR004,P004,2,64999,129998,50,64999,64999,6499.9
987,17/11/2020,37,0,P010,3,2199,6597,0,0,6597,659.7
988,07/11/2022,25,0,P027,3,699,2097,0,0,2097,209.7
989,10/02/2023,27,0,P026,1,5499,5499,0,0,5499,549.9
990,11/11/2023,17,0,P016,3,24999,74997,0,0,74997,7499.7
991,21/04/2021,39,PR001,P012,2,2999,5998,20,1199.6,4798.4,479.84
992,08/01/2020,42,0,P024,3,2799,8397,0,0,8397,839.7
993,19/05/2022,30,PR001,P029,2,99,198,20,39.6,158.4,15.84
994,06/07/2021,22,0,P002,2,69999,139998,0,0,139998,13999.8
995,14/02/2023,48,0,P013,2,15999,31998,0,0,31998,3199.8
996,02/01/2021,1,0,P011,2,1499,2998,0,0,2998,299.8
997,10/04/2021,44,PR001,P006,3,7499,22497,20,4499.4,17997.6,1799.76
998,04/08/2020,45,0,P025,1,8999,8999,0,0,8999,899.9
999,07/02/2023,41,0,P006,1,7499,7499,0,0,7499,749.9
1000,11/01/2021,1,0,P029,2,99,198,0,0,198,19.8